System,Stock,Age,FC_Year,AvgRankByAge,ModelLabel,PointFC,p10,p25,p50,p75,p90
Bristol Bay,Alagnak,Age 3,2021,2.75,TimeSeriesExpSmoothBC,1468,4,66,928,11197,69388
Bristol Bay,Alagnak,Age 3,2022,2.75,TimeSeriesExpSmoothBC,1078,4,36,457,7834,49897
Bristol Bay,Alagnak,Age 3,2023,2.75,TimeSeriesExpSmoothBC,1456,2,52,829,14370,74790
Bristol Bay,Alagnak,Age 3,2024,2.5833333333333335,TimeSeriesExpSmoothBC,1179,3,66,699,8111,46344
Bristol Bay,Alagnak,Age 3,2025,2.5833333333333335,TimeSeriesExpSmoothBC,1397,3,56,672,8994,58114
Bristol Bay,Alagnak,Age 3,2026,2.5833333333333335,TimeSeriesExpSmoothBC,1188,2,40,547,11166,81935
Bristol Bay,Alagnak,Age 4,2021,2.6666666666666665,TimeSeriesArimaNoBC,1481059,11110,105474,1279303,12012502,38638485
Bristol Bay,Alagnak,Age 4,2021,2.6666666666666665,TimeSeriesExpSmoothNoBC,666399,2932,27614,534816,4597566,21949594
Bristol Bay,Alagnak,Age 4,2022,2.5,Naive4,1749977,10735,97717,1054780,11323588,48517130
Bristol Bay,Alagnak,Age 4,2022,2.5,TimeSeriesArimaNoBC,1633393,8258,67334,774441,7679082,36347208
Bristol Bay,Alagnak,Age 4,2023,2.5,Naive4,1625634,9852,79033,921433,6403388,33885162
Bristol Bay,Alagnak,Age 4,2023,2.5,TimeSeriesArimaNoBC,1536749,10885,120196,962197,9590198,48989465
Bristol Bay,Alagnak,Age 4,2023,2.5,TimeSeriesExpSmoothNoBC,727686,3209,44082,336746,3698584,18235481
Bristol Bay,Alagnak,Age 4,2024,2.5,TimeSeriesArimaNoBC,1366383,11116,118098,866089,7839426,25039555
Bristol Bay,Alagnak,Age 4,2024,2.5,TimeSeriesExpSmoothNoBC,717814,2917,27934,408741,4011082,23245207
Bristol Bay,Alagnak,Age 4,2025,2.5,Naive4,1843716,12017,94176,1148567,10369026,57630101
Bristol Bay,Alagnak,Age 4,2025,2.5,TimeSeriesArimaNoBC,1690313,14441,159894,1438369,10144484,37768317
Bristol Bay,Alagnak,Age 4,2025,2.5,TimeSeriesExpSmoothNoBC,808670,6489,48917,512610,4672800,19886898
Bristol Bay,Alagnak,Age 4,2026,2.5,TimeSeriesArimaNoBC,1500930,9657,90164,942733,9087164,37659559
Bristol Bay,Alagnak,Age 4,2026,2.5,TimeSeriesExpSmoothNoBC,799031,7079,47490,427657,4309018,19730434
Bristol Bay,Alagnak,Age 5,2021,1.3333333333333333,SibRegKalman,2193440,851753,1353329,2037233,3010820,4119970
Bristol Bay,Alagnak,Age 5,2022,1.3333333333333333,SibRegKalman,2523565,1058847,1614894,2430678,3534209,4624651
Bristol Bay,Alagnak,Age 5,2023,1.3333333333333333,SibRegKalman,2001440,749361,1171522,1719439,2562418,3412444
Bristol Bay,Alagnak,Age 5,2024,1.3333333333333333,SibRegKalman,1590145,639385,945401,1429581,2196617,2852938
Bristol Bay,Alagnak,Age 5,2025,1.3333333333333333,SibRegKalman,3127534,1246655,1973325,2934608,4017130,5298606
Bristol Bay,Alagnak,Age 5,2026,1.5,SibRegKalman,1628070,615452,972077,1507890,2252022,2802694
Bristol Bay,Alagnak,Age 6,2021,3,SibRegSimple,276207,2942,21534,206667,1537992,6413186
Bristol Bay,Alagnak,Age 6,2022,2.8333333333333335,SibRegSimple,339026,3063,19392,195951,1531905,7296588
Bristol Bay,Alagnak,Age 6,2023,2.8333333333333335,SibRegSimple,359823,2912,22876,167467,1749698,7224574
Bristol Bay,Alagnak,Age 6,2024,2.6666666666666665,SibRegSimple,142827,1612,9503,84871,538562,1978909
Bristol Bay,Alagnak,Age 6,2025,2.6666666666666665,SibRegSimple,98083,1075,8971,75877,551333,2179786
Bristol Bay,Alagnak,Age 6,2026,2.6666666666666665,SibRegSimple,600933,4593,40366,379493,2576232,8842856
Bristol Bay,Alagnak,Total,2021,2,SibRegKalman,3099460,1352551,1990326,2895847,3830580,4779609
Bristol Bay,Alagnak,Total,2022,2,SibRegKalman,3517729,1331735,2151276,3168579,4662863,5983447
Bristol Bay,Alagnak,Total,2023,2,SibRegKalman,2989604,1293064,1853479,2634127,3608147,4556340
Bristol Bay,Alagnak,Total,2024,1.8333333333333333,SibRegKalman,2461355,990270,1523541,2261993,3166209,3858530
Bristol Bay,Alagnak,Total,2025,1.8333333333333333,SibRegKalman,4016249,1718714,2677057,3699056,4912501,6219424
Bristol Bay,Alagnak,Total,2026,1.8333333333333333,SibRegKalman,2832475,1180601,1758316,2510624,3422317,4398268
Bristol Bay,Egegik,Age 3,2021,2.8333333333333335,Naive4,152167,1745,10857,82818,502086,1578954
Bristol Bay,Egegik,Age 3,2022,3.25,TimeSeriesExpSmoothBC,457443,4270,29891,237133,1955006,7342625
Bristol Bay,Egegik,Age 3,2023,3,Naive4,135479,1972,18938,117987,563650,2172261
Bristol Bay,Egegik,Age 3,2024,2.5,Naive4,150953,3483,20520,119674,551163,1745854
Bristol Bay,Egegik,Age 3,2025,3,Naive4,110708,1904,10563,66017,389520,1095543
Bristol Bay,Egegik,Age 3,2025,3,SibRegSimple,124910,1517,13552,85560,614858,1808066
Bristol Bay,Egegik,Age 3,2025,3,SibRegLogPower,124910,1495,9935,73329,555326,1812260
Bristol Bay,Egegik,Age 3,2025,3,SibRegKalman,124910,1570,12348,79850,528868,2157615
Bristol Bay,Egegik,Age 3,2026,3,Naive4,59494,829,4334,31403,166292,645354
Bristol Bay,Egegik,Age 3,2026,3,SibRegSimple,106423,1808,9078,64048,338635,1049024
Bristol Bay,Egegik,Age 3,2026,3,SibRegLogPower,106423,2230,11820,72322,430826,1447258
Bristol Bay,Egegik,Age 3,2026,3,SibRegKalman,106423,2325,10470,77994,450112,1496228
Bristol Bay,Egegik,Age 4,2021,2.3333333333333335,SibRegKalman,6249958,1277947,2779707,5556060,10043694,16015362
Bristol Bay,Egegik,Age 4,2022,2.1666666666666665,SibRegKalman,9221096,2015341,3525914,7683749,16283962,25592843
Bristol Bay,Egegik,Age 4,2023,2.6666666666666665,SibRegKalman,1396694,269735,517403,1098175,1995002,3097512
Bristol Bay,Egegik,Age 4,2024,2.3333333333333335,SibRegKalman,2793053,660670,1251826,2517215,4708934,6920595
Bristol Bay,Egegik,Age 4,2025,2.3333333333333335,SibRegKalman,965898,225454,414228,840341,1560398,2414597
Bristol Bay,Egegik,Age 4,2026,2.3333333333333335,SibRegKalman,2737090,634527,1208726,2618094,4824138,7165663
Bristol Bay,Egegik,Age 5,2021,2.6666666666666665,TimeSeriesExpSmoothNoBC,6342883,2319364,3917541,6104180,8655400,11495198
Bristol Bay,Egegik,Age 5,2022,2.6666666666666665,TimeSeriesExpSmoothNoBC,5364550,2024312,3119581,4736970,7218897,9446424
Bristol Bay,Egegik,Age 5,2023,2.6666666666666665,SibRegLogPower,8065488,2972587,4437141,7143991,11186008,14937724
Bristol Bay,Egegik,Age 5,2024,2.75,SibRegLogPower,4319428,1654779,2461098,3608864,5750390,7989520
Bristol Bay,Egegik,Age 5,2025,2.3333333333333335,SibRegLogPower,6651196,2606624,4029287,6267397,9257294,12100300
Bristol Bay,Egegik,Age 5,2026,2.5,SibRegLogPower,5057524,1942545,3019025,4525182,6657718,9334191
Bristol Bay,Egegik,Age 6,2021,1.8333333333333333,SibRegKalman,7151284,2548116,4007722,5996240,9119384,12188784
Bristol Bay,Egegik,Age 6,2022,3.5,Naive4,529782,204492,308658,486771,748378,1057002
Bristol Bay,Egegik,Age 6,2023,3.4166666666666665,Naive4,428995,148135,240218,403759,641196,964532
Bristol Bay,Egegik,Age 6,2024,3.4166666666666665,Naive4,2019601,615940,1086029,1873185,3209796,5041350
Bristol Bay,Egegik,Age 6,2025,3,Naive4,2121616,777061,1167894,2027556,3380244,4997590
Bristol Bay,Egegik,Age 6,2026,3.1666666666666665,Naive4,2218753,656197,1215100,2144156,3594567,5318759
Bristol Bay,Egegik,Total,2021,2.5,Naive4,12385448,6099617,8302710,11605922,15104966,17937497
Bristol Bay,Egegik,Total,2022,2.25,TimeSeriesArimaBC,13324850,6023940,8552486,11891938,16211844,21010351
Bristol Bay,Egegik,Total,2023,2,TimeSeriesArimaBC,14579114,6452098,9945718,13979905,18296179,23334566
Bristol Bay,Egegik,Total,2024,2,TimeSeriesArimaBC,12666079,6109062,8474549,12055388,16158544,19373611
Bristol Bay,Egegik,Total,2025,2.0833333333333335,TimeSeriesArimaBC,11972930,5745162,8152596,11476647,14841568,19292399
Bristol Bay,Egegik,Total,2026,2.1666666666666665,TimeSeriesArimaBC,10193694,4606402,6953050,9571205,12704860,15584236
Bristol Bay,Igushik,Age 3,2021,2.5,Naive4,1173,25,178,901,4744,16637
Bristol Bay,Igushik,Age 3,2022,2.3333333333333335,Naive4,732,7,60,348,2382,8258
Bristol Bay,Igushik,Age 3,2023,2.3333333333333335,Naive4,898,11,104,783,4034,15046
Bristol Bay,Igushik,Age 3,2024,2.8333333333333335,Naive4,686,8,56,492,2948,10872
Bristol Bay,Igushik,Age 3,2025,3,Naive4,765,11,70,487,3278,11009
Bristol Bay,Igushik,Age 3,2026,3.6666666666666665,TimeSeriesArimaBC,50,0,4,32,176,657
Bristol Bay,Igushik,Age 4,2021,2.6666666666666665,TimeSeriesArimaBC,581060,102633,206769,451838,949982,1474243
Bristol Bay,Igushik,Age 4,2022,2.6666666666666665,TimeSeriesArimaBC,715132,157268,290076,570023,1050962,1686770
Bristol Bay,Igushik,Age 4,2023,2.5,TimeSeriesArimaBC,756984,139328,284181,612704,1223969,2151076
Bristol Bay,Igushik,Age 4,2024,2.3333333333333335,TimeSeriesArimaBC,658332,139283,306636,564021,1034795,1678613
Bristol Bay,Igushik,Age 4,2025,2.3333333333333335,TimeSeriesArimaBC,819771,187417,360128,688429,1287465,2303301
Bristol Bay,Igushik,Age 4,2026,2.5,TimeSeriesArimaBC,656414,151531,297568,593165,1116148,1671970
Bristol Bay,Igushik,Age 5,2021,2,SibRegLogPower,951206,367347,557565,894931,1344078,1789684
Bristol Bay,Igushik,Age 5,2022,2,SibRegLogPower,1182122,430446,715415,1077194,1639936,2133329
Bristol Bay,Igushik,Age 5,2023,2.3333333333333335,SibRegKalman,1240168,496373,753640,1104439,1616644,2102205
Bristol Bay,Igushik,Age 5,2024,2.3333333333333335,SibRegKalman,718105,296462,446165,675133,968960,1290440
Bristol Bay,Igushik,Age 5,2025,2.4166666666666665,SibRegKalman,1878345,840991,1144564,1724616,2436626,3265391
Bristol Bay,Igushik,Age 5,2026,2.1666666666666665,SibRegKalman,515689,221572,325829,455347,668116,873401
Bristol Bay,Igushik,Age 6,2021,2.6666666666666665,TimeSeriesExpSmoothBC,1688,211,488,1309,3904,7544
Bristol Bay,Igushik,Age 6,2022,2.9166666666666665,TimeSeriesArimaNoBC,32367,3104,7922,23982,70476,150528
Bristol Bay,Igushik,Age 6,2023,3,Naive4,20138,3243,7488,20433,57448,110587
Bristol Bay,Igushik,Age 6,2024,2.8333333333333335,Naive4,26402,2990,7049,19661,56638,116153
Bristol Bay,Igushik,Age 6,2025,2.6666666666666665,Naive4,29485,2951,8198,25024,65888,142943
Bristol Bay,Igushik,Age 6,2026,2.6666666666666665,Naive8,22762,3245,8288,23344,52796,108450
Bristol Bay,Igushik,Total,2021,2.25,SibRegLogPower,1560567,678033,1029779,1465878,2007344,2695626
Bristol Bay,Igushik,Total,2022,2.25,SibRegLogPower,1453446,623870,956842,1412126,1920253,2496560
Bristol Bay,Igushik,Total,2023,2.3333333333333335,SibRegKalman,1955595,795056,1156211,1757829,2560926,3308445
Bristol Bay,Igushik,Total,2024,2.3333333333333335,SibRegKalman,1254854,516352,756869,1118961,1555708,2027539
Bristol Bay,Igushik,Total,2025,2.3333333333333335,SibRegKalman,2606759,1077132,1601194,2345519,3268146,4013234
Bristol Bay,Igushik,Total,2026,2.3333333333333335,SibRegKalman,1200936,469728,735404,1094553,1513362,1918344
Bristol Bay,Kvichak,Age 3,2021,2.3333333333333335,TimeSeriesExpSmoothBC,3497,15,138,1580,15158,71362
Bristol Bay,Kvichak,Age 3,2022,2.3333333333333335,TimeSeriesExpSmoothBC,3826,24,208,2014,23802,99478
Bristol Bay,Kvichak,Age 3,2023,2.3333333333333335,TimeSeriesExpSmoothBC,3395,22,293,2081,15236,57583
Bristol Bay,Kvichak,Age 3,2024,2.3333333333333335,TimeSeriesExpSmoothBC,3721,24,210,3058,22264,104215
Bristol Bay,Kvichak,Age 3,2025,2.3333333333333335,TimeSeriesExpSmoothBC,3308,15,176,2558,20216,104588
Bristol Bay,Kvichak,Age 3,2026,2.3333333333333335,TimeSeriesExpSmoothBC,3259,18,128,1612,17548,70946
Bristol Bay,Kvichak,Age 4,2021,2,SibRegLogPower,3533134,1072187,1906224,3113502,4978435,7238884
Bristol Bay,Kvichak,Age 4,2022,1.6666666666666667,SibRegLogPower,5411641,1543821,2696706,4791570,8098116,11851310
Bristol Bay,Kvichak,Age 4,2023,1.6666666666666667,SibRegLogPower,897737,273780,462744,765597,1278324,1916812
Bristol Bay,Kvichak,Age 4,2024,1.5833333333333333,SibRegLogPower,5352565,1498771,2548093,4588267,7540722,10970310
Bristol Bay,Kvichak,Age 4,2025,1.5,SibRegLogPower,932828,295278,483326,863825,1363383,1881136
Bristol Bay,Kvichak,Age 4,2026,1.5,SibRegLogPower,964764,252049,469118,865549,1514874,2077128
Bristol Bay,Kvichak,Age 5,2021,1.3333333333333333,TimeSeriesArimaBC,5958825,1591931,2805647,4987584,8918546,14606084
Bristol Bay,Kvichak,Age 5,2022,1.3333333333333333,TimeSeriesArimaBC,3834957,980674,1846656,3346574,6050088,9256754
Bristol Bay,Kvichak,Age 5,2023,1.3333333333333333,TimeSeriesArimaBC,5478588,1334245,2478657,4767152,8723638,12897741
Bristol Bay,Kvichak,Age 5,2024,1.3333333333333333,TimeSeriesArimaBC,6733119,1711061,2990798,6039696,11130474,17698938
Bristol Bay,Kvichak,Age 5,2025,1.3333333333333333,TimeSeriesArimaBC,3734036,1021017,1827031,3519542,6733578,9763141
Bristol Bay,Kvichak,Age 5,2026,1.3333333333333333,TimeSeriesArimaBC,4854976,1262438,2355574,4258116,7971054,12060826
Bristol Bay,Kvichak,Age 6,2021,1.5,SibRegSimple,630889,176642,311150,630975,1186333,1772279
Bristol Bay,Kvichak,Age 6,2022,1.5,SibRegSimple,216238,53853,102204,210424,403520,671214
Bristol Bay,Kvichak,Age 6,2023,1.5,SibRegSimple,616734,160376,282474,597035,1109508,1623381
Bristol Bay,Kvichak,Age 6,2024,1.5,SibRegSimple,526185,142411,252956,488476,905903,1389196
Bristol Bay,Kvichak,Age 6,2025,1.5,SibRegSimple,170523,47634,83860,153204,313776,512550
Bristol Bay,Kvichak,Age 6,2026,1.5,SibRegSimple,534104,146307,264700,462178,860629,1393585
Bristol Bay,Kvichak,Total,2021,2.4166666666666665,Naive4,8129762,1886317,3567624,6265870,11111873,16156455
Bristol Bay,Kvichak,Total,2022,2.3333333333333335,Naive4,8544024,2131212,3949493,7439233,12498476,18143409
Bristol Bay,Kvichak,Total,2023,2.3333333333333335,Naive4,10089391,2423584,4506824,8188851,13842604,20292735
Bristol Bay,Kvichak,Total,2024,2.1666666666666665,Naive4,10294729,2931040,5261877,9785655,15863374,21812868
Bristol Bay,Kvichak,Total,2025,2.1666666666666665,Naive4,10877350,3228233,5396722,8710427,14559486,22482817
Bristol Bay,Kvichak,Total,2026,2,Naive4,10529111,3035198,5890582,9522399,15016700,20907503
Bristol Bay,Naknek,Age 3,2021,3.3333333333333335,Naive8,47892,603,3810,33898,243474,745000
Bristol Bay,Naknek,Age 3,2022,3.5,Naive8,39127,563,3891,25228,167960,647982
Bristol Bay,Naknek,Age 3,2023,3.5,Naive8,29140,564,3220,19583,91755,333900
Bristol Bay,Naknek,Age 3,2024,3.3333333333333335,Naive8,31978,1284,4616,23856,136018,381912
Bristol Bay,Naknek,Age 3,2025,3.1666666666666665,Naive8,24386,412,3302,22238,150322,609948
Bristol Bay,Naknek,Age 3,2026,3.1666666666666665,Naive8,21272,539,2605,17672,113480,513319
Bristol Bay,Naknek,Age 4,2021,3,TimeSeriesArimaBC,2580953,877697,1481330,2366633,3610450,4850203
Bristol Bay,Naknek,Age 4,2022,3.3333333333333335,Naive4,3751808,1155685,1764502,3202173,5407888,8001128
Bristol Bay,Naknek,Age 4,2023,3.3333333333333335,TimeSeriesArimaNoBC,3219211,1142570,1725916,2847779,4503652,6102677
Bristol Bay,Naknek,Age 4,2024,3.25,Naive8,3002012,961339,1576691,2728720,4290846,6615999
Bristol Bay,Naknek,Age 4,2025,3.4166666666666665,Naive8,2893918,953656,1581367,2771921,4374046,5755240
Bristol Bay,Naknek,Age 4,2026,2.6666666666666665,SibRegKalman,961102,323975,546814,850585,1255484,1733254
Bristol Bay,Naknek,Age 5,2021,1.3333333333333333,SibRegLogPower,4593687,2246563,3059038,4313390,5975410,7277171
Bristol Bay,Naknek,Age 5,2022,1.1666666666666667,SibRegLogPower,5501076,2667840,3584319,5101830,7145681,8866838
Bristol Bay,Naknek,Age 5,2023,1.1666666666666667,SibRegLogPower,4453251,2255995,2932186,4030029,5680744,7006053
Bristol Bay,Naknek,Age 5,2024,1.1666666666666667,SibRegLogPower,3141144,1570311,2072221,2883407,3851292,4862852
Bristol Bay,Naknek,Age 5,2025,1.5,SibRegLogPower,3475985,1714703,2363655,3247357,4492227,5593159
Bristol Bay,Naknek,Age 5,2026,1.4166666666666667,SibRegLogPower,2727285,1289484,1900400,2551218,3332416,4107917
Bristol Bay,Naknek,Age 6,2021,2.3333333333333335,Naive4,307400,132716,196447,303774,468453,631611
Bristol Bay,Naknek,Age 6,2022,2,Naive4,290804,111281,194930,283372,415180,563553
Bristol Bay,Naknek,Age 6,2023,2,Naive4,277610,123487,171790,269860,397126,521386
Bristol Bay,Naknek,Age 6,2024,2.4166666666666665,Naive4,447621,170296,278268,419866,635638,903837
Bristol Bay,Naknek,Age 6,2025,2,Naive4,488224,205978,312540,474096,724584,942302
Bristol Bay,Naknek,Age 6,2026,2.0833333333333335,Naive4,447544,186170,285116,450966,641816,872434
Bristol Bay,Naknek,Total,2021,2.1666666666666665,SibRegLogPower,7484273,4077402,5476036,7142241,8671196,10145524
Bristol Bay,Naknek,Total,2022,2.1666666666666665,SibRegLogPower,8002107,4566995,5848628,7527749,9387278,10864431
Bristol Bay,Naknek,Total,2023,2,SibRegLogPower,6477518,3624022,4886610,6115185,7584470,8840079
Bristol Bay,Naknek,Total,2024,2,SibRegLogPower,5875482,3325508,4365859,5498029,6633765,7980071
Bristol Bay,Naknek,Total,2025,2,SibRegLogPower,5099342,2907589,3730978,4743686,5833474,6808881
Bristol Bay,Naknek,Total,2026,2.1666666666666665,SibRegLogPower,4971992,2916884,3769202,4730085,5828861,6841909
Bristol Bay,Nushagak,Age 3,2021,1.3333333333333333,Naive4,8983,49,444,4737,61430,370664
Bristol Bay,Nushagak,Age 3,2022,1.3333333333333333,Naive4,7024,29,404,6292,54955,239756
Bristol Bay,Nushagak,Age 3,2023,1.3333333333333333,Naive4,5166,31,216,2390,21744,139463
Bristol Bay,Nushagak,Age 3,2024,1.3333333333333333,Naive4,7051,28,301,3994,40266,157298
Bristol Bay,Nushagak,Age 3,2025,1.3333333333333333,Naive4,7321,78,628,6708,60139,295076
Bristol Bay,Nushagak,Age 3,2026,1.3333333333333333,Naive4,6786,41,380,3875,35577,204874
Bristol Bay,Nushagak,Age 4,2021,2.4166666666666665,Naive4,1729391,168376,410552,1210720,3762351,7889805
Bristol Bay,Nushagak,Age 4,2022,2.1666666666666665,Naive4,2978918,216358,672964,2180919,7771698,18648771
Bristol Bay,Nushagak,Age 4,2023,2.1666666666666665,Naive4,3117317,249763,799650,2583408,6922677,16971846
Bristol Bay,Nushagak,Age 4,2024,2.4166666666666665,Naive4,3065672,225409,669080,2324008,6521274,14138556
Bristol Bay,Nushagak,Age 4,2025,2.3333333333333335,Naive4,3740663,359202,805966,2486483,7491706,17007445
Bristol Bay,Nushagak,Age 4,2026,2.1666666666666665,Naive4,2818810,262754,621295,1956040,5603946,12378590
Bristol Bay,Nushagak,Age 5,2021,1.9166666666666667,TimeSeriesArimaNoBC,2065557,783006,1137024,1783115,2837476,3695429
Bristol Bay,Nushagak,Age 5,2022,2.3333333333333335,TimeSeriesExpSmoothNoBC,4588935,1796633,2637121,4000786,6032442,8066520
Bristol Bay,Nushagak,Age 5,2023,3.3333333333333335,Naive4,6606498,2452616,3648608,5776168,8795505,11784546
Bristol Bay,Nushagak,Age 5,2023,3.3333333333333335,TimeSeriesExpSmoothNoBC,8280779,2750767,4405140,6955780,11465942,15895372
Bristol Bay,Nushagak,Age 5,2024,3.25,Naive4,6859880,2420549,3801594,5820256,9002279,11959492
Bristol Bay,Nushagak,Age 5,2025,3.1666666666666665,SibRegLogPower,3595964,1313849,2131686,3516833,5570278,7134203
Bristol Bay,Nushagak,Age 5,2026,3.25,Naive4,6650600,2346001,3478426,5945037,9228080,12688972
Bristol Bay,Nushagak,Age 6,2021,2,TimeSeriesExpSmoothNoBC,108558,9621,26424,77558,286562,651888
Bristol Bay,Nushagak,Age 6,2022,2,TimeSeriesExpSmoothNoBC,104625,10054,26082,91607,262990,533718
Bristol Bay,Nushagak,Age 6,2023,2,TimeSeriesExpSmoothNoBC,115257,9501,36745,113727,322269,601564
Bristol Bay,Nushagak,Age 6,2024,2,SibRegKalman,183051,7230,36476,150856,727280,2257264
Bristol Bay,Nushagak,Age 6,2025,2,SibRegKalman,94411,3099,17558,88407,396904,1328105
Bristol Bay,Nushagak,Age 6,2026,2.1666666666666665,SibRegKalman,220583,6569,33068,163313,606000,1879159
Bristol Bay,Nushagak,Total,2021,1.3333333333333333,TimeSeriesArimaNoBC,3387517,1494002,2225718,3247152,4507757,5850978
Bristol Bay,Nushagak,Total,2022,2.5,TimeSeriesArimaNoBC,13423681,4975148,7697010,11511509,17553900,22791081
Bristol Bay,Nushagak,Total,2023,1.6666666666666667,TimeSeriesArimaNoBC,18044349,7447690,10608252,16136522,22975066,30482400
Bristol Bay,Nushagak,Total,2024,2.4166666666666665,Naive4,10117129,4098173,6366235,9593289,13787788,18147900
Bristol Bay,Nushagak,Total,2025,2.5833333333333335,TimeSeriesArimaNoBC,9848257,3459646,5651758,9202076,13092594,17334713
Bristol Bay,Nushagak,Total,2026,2.8333333333333335,Naive4,9689045,3857245,6149126,9030720,12960759,16833653
Bristol Bay,Ugashik,Age 3,2021,3.25,Naive8,56402,1920,9454,46935,222791,687055
Bristol Bay,Ugashik,Age 3,2022,3.0833333333333335,Naive8,57745,1620,8918,44348,192342,548510
Bristol Bay,Ugashik,Age 3,2023,3,SibRegSimple,39893,758,4098,25599,147811,361077
Bristol Bay,Ugashik,Age 3,2023,3,SibRegLogPower,39893,1081,5186,26318,162729,567670
Bristol Bay,Ugashik,Age 3,2023,3,SibRegKalman,39893,901,5207,28214,174555,566215
Bristol Bay,Ugashik,Age 3,2024,2.5833333333333335,Naive8,58780,2208,10742,54040,221060,695627
Bristol Bay,Ugashik,Age 3,2025,2.3333333333333335,Naive8,57750,1888,8062,38957,173450,515088
Bristol Bay,Ugashik,Age 3,2026,2.3333333333333335,Naive8,52630,2028,9221,39315,169713,486194
Bristol Bay,Ugashik,Age 4,2021,2,TimeSeriesArimaNoBC,2397564,124862,477314,1725580,6296940,16013124
Bristol Bay,Ugashik,Age 4,2022,2,TimeSeriesArimaNoBC,3790482,246496,773833,3085303,8509498,23423176
Bristol Bay,Ugashik,Age 4,2023,2.3333333333333335,Naive8,3188554,644065,1179038,2538475,4771514,7450989
Bristol Bay,Ugashik,Age 4,2023,2.3333333333333335,TimeSeriesArimaNoBC,2830445,143294,569622,2175770,6495998,13192690
Bristol Bay,Ugashik,Age 4,2024,1.8333333333333333,TimeSeriesExpSmoothNoBC,1503052,29059,170943,1152285,6386444,19172493
Bristol Bay,Ugashik,Age 4,2025,2.4166666666666665,Naive8,3232892,676544,1354234,2788456,5086601,8850927
Bristol Bay,Ugashik,Age 4,2025,2.4166666666666665,TimeSeriesExpSmoothNoBC,1659904,44848,174019,1119430,5858190,17252732
Bristol Bay,Ugashik,Age 4,2026,2.1666666666666665,TimeSeriesExpSmoothNoBC,1711628,42278,195093,1257627,5113069,13627726
Bristol Bay,Ugashik,Age 5,2021,2.3333333333333335,TimeSeriesExpSmoothNoBC,1952746,87006,324500,1410797,5056591,12932472
Bristol Bay,Ugashik,Age 5,2022,2.25,TimeSeriesExpSmoothNoBC,2483891,155786,680006,2154879,7396875,19339080
Bristol Bay,Ugashik,Age 5,2023,2.5833333333333335,TimeSeriesExpSmoothNoBC,3730909,155013,601083,2578149,8846854,25408902
Bristol Bay,Ugashik,Age 5,2024,2.4166666666666665,TimeSeriesExpSmoothNoBC,3341951,170894,688750,2551061,10557124,31493194
Bristol Bay,Ugashik,Age 5,2025,3,Naive8,2704175,812099,1386499,2548047,3977784,5368438
Bristol Bay,Ugashik,Age 5,2025,3,TimeSeriesExpSmoothNoBC,2676862,137165,532524,1995540,6848009,16490917
Bristol Bay,Ugashik,Age 5,2026,2.8333333333333335,SibRegKalman,2555721,1014039,1547028,2358156,3441798,4404403
Bristol Bay,Ugashik,Age 5,2026,2.8333333333333335,TimeSeriesExpSmoothNoBC,2774037,161895,545334,2287248,7374716,17588025
Bristol Bay,Ugashik,Age 6,2021,1.3333333333333333,TimeSeriesExpSmoothNoBC,74535,15691,33168,70014,134730,223532
Bristol Bay,Ugashik,Age 6,2022,1.3333333333333333,TimeSeriesExpSmoothNoBC,205414,40771,85044,193002,406378,664839
Bristol Bay,Ugashik,Age 6,2023,1.3333333333333333,TimeSeriesExpSmoothNoBC,233476,51848,98487,230661,433054,771764
Bristol Bay,Ugashik,Age 6,2024,1.6666666666666667,TimeSeriesExpSmoothNoBC,625848,126045,263354,518630,1027231,1689898
Bristol Bay,Ugashik,Age 6,2025,1.5,TimeSeriesExpSmoothNoBC,617816,123254,270502,508394,1031634,1682637
Bristol Bay,Ugashik,Age 6,2026,1.3333333333333333,TimeSeriesExpSmoothNoBC,365933,87668,171204,300787,594141,940000
Bristol Bay,Ugashik,Total,2021,1.6666666666666667,Naive4,5030392,1929606,2954477,4627357,6823371,9398757
Bristol Bay,Ugashik,Total,2022,1.6666666666666667,Naive4,6077242,1962484,3409507,5413769,7697700,10924962
Bristol Bay,Ugashik,Total,2023,1.6666666666666667,Naive4,6768866,2229324,3628474,5816930,8559298,11374109
Bristol Bay,Ugashik,Total,2024,1.75,Naive4,6962180,2788386,4129732,6253473,9026500,11575482
Bristol Bay,Ugashik,Total,2025,1.6666666666666667,Naive4,7681043,2971918,4251525,7226598,10438464,13967137
Bristol Bay,Ugashik,Total,2026,1.6666666666666667,Naive4,6361259,2312403,3849413,5646116,8549514,10945055
Bristol Bay,Wood,Age 3,2021,3.1666666666666665,Naive8,78051,552,5428,44188,362504,1598168
Bristol Bay,Wood,Age 3,2022,3,TimeSeriesExpSmoothNoBC,43964,319,2192,22572,191445,733230
Bristol Bay,Wood,Age 3,2023,3.4166666666666665,TimeSeriesExpSmoothBC,11625,103,1038,7342,63029,402036
Bristol Bay,Wood,Age 3,2024,3,TimeSeriesExpSmoothNoBC,41641,545,2675,18511,127086,746055
Bristol Bay,Wood,Age 3,2025,3.4166666666666665,TimeSeriesExpSmoothBC,32602,248,1826,30072,216058,872094
Bristol Bay,Wood,Age 3,2026,3.1666666666666665,TimeSeriesExpSmoothBC,11200,107,1070,10866,71833,359398
Bristol Bay,Wood,Age 4,2021,2.8333333333333335,TimeSeriesExpSmoothBC,5922572,2113117,3308512,5200745,8375112,11697765
Bristol Bay,Wood,Age 4,2022,3.25,Naive4,11297544,3843139,6021130,10159805,16512812,22627071
Bristol Bay,Wood,Age 4,2023,3.25,Naive4,8110394,2961792,5149900,8362588,12320245,16948093
Bristol Bay,Wood,Age 4,2024,3.5833333333333335,Naive4,6937554,2277595,3580087,6183237,9642082,13526202
Bristol Bay,Wood,Age 4,2024,3.5833333333333335,TimeSeriesExpSmoothNoBC,7019566,2575041,3943712,6290427,9880219,12773142
Bristol Bay,Wood,Age 4,2025,3.6666666666666665,Naive4,8069459,2613480,4341998,6938465,10490772,14847860
Bristol Bay,Wood,Age 4,2025,3.6666666666666665,TimeSeriesExpSmoothNoBC,6798262,2616665,4012607,6354532,9500176,13353051
Bristol Bay,Wood,Age 4,2026,3.25,TimeSeriesExpSmoothNoBC,6614937,2174251,3412418,5703801,9120624,11743282
Bristol Bay,Wood,Age 5,2021,2.4166666666666665,SibRegLogPower,3376023,1884901,2360604,3184951,4171078,5060100
Bristol Bay,Wood,Age 5,2022,2.4166666666666665,Naive4,2558020,1286167,1768652,2518687,3441823,4284271
Bristol Bay,Wood,Age 5,2023,1.8333333333333333,SibRegLogPower,3682005,1914119,2534109,3383299,4428885,5389298
Bristol Bay,Wood,Age 5,2024,1.8333333333333333,SibRegLogPower,2735597,1444399,1947650,2604590,3340385,4002974
Bristol Bay,Wood,Age 5,2025,1.8333333333333333,SibRegLogPower,4270698,2327667,2985281,3883893,5030374,6391899
Bristol Bay,Wood,Age 5,2026,1.8333333333333333,SibRegLogPower,3297235,1649453,2145120,2980003,3867956,4709699
Bristol Bay,Wood,Total,2021,2.8333333333333335,SibRegKalman,6636115,4005833,5037564,6302492,7997465,9541770
Bristol Bay,Wood,Total,2022,2.9166666666666665,SibRegKalman,5844611,3447928,4280963,5415911,6873648,7935243
Bristol Bay,Wood,Total,2023,3.0833333333333335,TimeSeriesExpSmoothBC,12103298,5757914,8129180,11039366,14699584,18658057
Bristol Bay,Wood,Total,2024,3.0833333333333335,Naive4,10548465,5504007,7445232,10276087,13056636,15634398
Bristol Bay,Wood,Total,2024,3.0833333333333335,TimeSeriesExpSmoothBC,10317576,5128034,6820538,9169929,12102302,15395218
Bristol Bay,Wood,Total,2025,3,TimeSeriesExpSmoothBC,11662348,5709121,7854748,10776041,13887868,17075574
Bristol Bay,Wood,Total,2026,3.1666666666666665,Naive4,10656769,5772933,7261025,9923160,13047189,15939700
Bristol Bay,Wood,Total,2026,3.1666666666666665,TimeSeriesExpSmoothBC,11072466,5784817,7698414,10157328,13399047,16602053
